<?xml version="1.0" encoding="UTF-8"?>

<project xmlns="http://maven.apache.org/POM/4.0.0" xmlns:xsi="http://www.w3.org/2001/XMLSchema-instance"
  xsi:schemaLocation="http://maven.apache.org/POM/4.0.0 http://maven.apache.org/xsd/maven-4.0.0.xsd">
  <modelVersion>4.0.0</modelVersion>

  <groupId>org.example</groupId>
  <artifactId>cucumberparallel</artifactId>
  <version>1.0-SNAPSHOT</version>

  <name>cucumberparallel</name>
  <!-- FIXME change it to the project's website -->
  <url>http://www.example.com</url>

  <properties>
    <project.build.sourceEncoding>UTF-8</project.build.sourceEncoding>
    <maven.compiler.source>1.8</maven.compiler.source>
    <maven.compiler.target>1.8</maven.compiler.target>
  </properties>

  <dependencies>

    <dependency>
      <groupId>io.cucumber</groupId>
      <artifactId>cucumber-picocontainer</artifactId>
      <version>4.3.0</version>
      <scope>test</scope>
    </dependency>
    <dependency>
      <groupId>io.cucumber</groupId>
      <artifactId>cucumber-java</artifactId>
      <version>4.3.0</version>
      <scope>compile</scope>
    </dependency>
    <!-- https://mvnrepository.com/artifact/info.cukes/gherkin -->

    <!-- https://mvnrepository.com/artifact/io.cucumber/cucumber-testng -->
    <dependency>
      <groupId>io.cucumber</groupId>
      <artifactId>cucumber-testng</artifactId>
      <version>4.3.0</version>
    </dependency>
    <!-- https://mvnrepository.com/artifact/org.seleniumhq.selenium/selenium-java -->
    <dependency>
      <groupId>org.seleniumhq.selenium</groupId>
      <artifactId>selenium-java</artifactId>
      <version>3.141.59</version>
    </dependency>
    <!-- https://mvnrepository.com/artifact/org.testng/testng -->
    <dependency>
      <groupId>org.testng</groupId>
      <artifactId>testng</artifactId>
      <version>6.14.3</version>
    </dependency>
    <dependency>
      <groupId>junit</groupId>
      <artifactId>junit</artifactId>
      <version>4.12</version>
      <scope>test</scope>
    </dependency>
    <dependency>
      <groupId>io.cucumber</groupId>
      <artifactId>cucumber-junit</artifactId>
      <version>4.3.0</version>
      <scope>test</scope>
    </dependency>
    </dependencies>

  <build>
      <testSourceDirectory>${project.basedir}/src/test/java</testSourceDirectory>
    <pluginManagement><!-- lock down plugins versions to avoid using Maven defaults (may be moved to parent pom) -->
      <plugins>
           <plugin>
          <groupId>org.apache.maven.plugins</groupId>
          <artifactId>maven-surefire-plugin</artifactId>
<!--          <version>2.22.0</version>-->
          <configuration>
            <parallel>both</parallel>
            <threadCount>4</threadCount>
<!--            <useUnlimitedThreads>true</useUnlimitedThreads>-->
          </configuration>
        </plugin>
<!--        <plugin>-->
<!--          <groupId>org.apache.maven.plugins</groupId>-->
<!--          <artifactId>maven-failsafe-plugin</artifactId>-->
<!--          <version>2.22.0</version>-->
<!--          <executions>-->
<!--            <execution>-->
<!--              <goals>-->
<!--                <goal>integration-test</goal>-->
<!--                <goal>verify</goal>-->
<!--              </goals>-->
<!--              <configuration>-->
<!--                 <parallel>methods</parallel>-->
<!--                <threadCount>4</threadCount>-->
<!--                <useUnlimitedThreads>true</useUnlimitedThreads>-->
<!--              </configuration>-->
<!--            </execution>-->
<!--          </executions>-->
<!--        </plugin>-->
      </plugins>
    </pluginManagement>
  </build>
</project>
